0;All Shook Up;Elvis Presley;Uh, well, a-bless my soul, what's wrong with me? I'm itchin' like a man on a fuzzy tree My friends say I'm actin' wild as a bug I'm in love, I'm all shook up Mm, ooh, yeah, yeah  Well, my hands are shaky and my knees are weak I can't seem to stand on my own two feet Who do you thank when you have such luck? I'm in love, I'm all shook up Mm, ooh, yeah, yeah  Well, please don't ask me what's on my mind I'm a little mixed up, but I feel fine When I'm near the girl that I love best My heart beats so it scares me to death  When she touched my hand, what a chill I got Her lips are like a volcano that's hot I'm proud to say that she's my buttercup I'm in love, I'm all shook up Mm, ooh, yeah, yeah My tongue gets tied when I try to speak My insides shake like a leaf on a tree There's only one cure for this body of mine That's to have that girl that I love so fine  She touched my hand, what a chill I got Her lips are like a volcano that's hot I'm proud to say that she's my buttercup I'm in love, I'm all shook up Mm, ooh, yeah, yeah  Mm, ooh, yeah, yeah I'm all shook up7EmbedShare URLCopyEmbedCopy
1;I've Got You Under My Skin;Frank Sinatra;"I've got you under my skin I've got you deep in the heart of me So deep in my heart that you're really a part of me I've got you under my skin I tried so not to give in I said to myself, 'this affair never will go so well' But why should I try to resist when, baby, I know so well I've got you under my skin  I'd sacrifice anything, come what might For the sake of having you near In spite of a warning voice that comes in the night And repeats, repeats in my ear  ""Don't you know little fool, you never can win? Use your mentality, wake up to reality"" But each time that I do, just the thought of you Makes me stop before I begin 'Cause I've got you under my skin  I would sacrifice anything, come what might For the sake of having you near In spite of a warning voice that comes in the night And repeats, how it yells in my ear ""Don't you know, little fool, you never can win? Why not use your mentality? Step up, wake up to reality"" But each time I do, just the thought of you Makes me stop just before I begin 'Cause I've got you under my skin Yes, I've got you, under my skin14EmbedShare URLCopyEmbedCopy"
2;Smoke Gets In Your Eyes;The Platters;They asked me how I knew My true love was true I of course replied, something here inside Cannot be denied They said some day you'll find All who love are blind When your heart's on fire, you must realize Smoke gets in your eyes So I chaffed them and I gaily laughed To think they could doubt my love Yet today my love has flown away I am without my love (Without my love) Now laughing friends deride Tears I cannot hide, hide So I smile and say, when a lovely flame dies Smoke gets in your eyes (Smoke gets in your eyes) (Smoke gets in your eyes) Smoke gets in your eyes!4EmbedShare URLCopyEmbedCopy
3;What'd I Say, Pt. 1 & 2;Ray Charles;Hey mama, don't you treat me wrong Come and love your daddy all night long All right now, hey hey, all right See the girl with the diamond ring She knows how to shake that thing All right now now now, hey hey, hey hey Tell your mama, tell your pa I'm gonna send you back to Arkansas Oh yes, ma'am, you don't do right, don't do right Ah, play it, boy When you see me in misery Come on baby, see about me Now yeah, hey hey, all right See the girl with the red dress on She can do the Birdland all night long Yeah yeah, what'd I say? All right  Well, tell me what'd I say, yeah Tell me what'd I say right now Tell me what'd I say Tell me what'd I say right now Tell me what'd I say Tell me what'd I say And I want to know Baby, I want to know right now And I want to know Baby, I want to know right now, yeah And I want to know Baby, I want to know, yeah  Hey, don't quit now! (Come on, honey) Naw, I got, I uh-uh-uh, I'm (stop! stop! we'll do it again) Wait a minute, wait a minute, oh hold it! Hold it! Hold it! Hey (hey) ho (ho) hey (hey) ho (ho) hey (hey) ho (ho) hey One more time (just one more time)  Say it one more time right now (just one more time) Say it one more time now (just one more time) Say it one more time yeah (just one more time) Say it one more time (just one more time) Say it one more time (just one more time)  Hey (hey) ho (ho) hey (hey) ho (ho) hey (hey) ho (ho) hey Ah! Make me feel so good (make me feel so good) Make me feel so good now, yeah (make me feel so good) Woah! Baby (make me feel so good) Make me feel so good yeah (make me feel so good) Make me feel so good (make me feel so good) Make me feel so good yeah (make me feel so good) Ah it's all right (baby it's all right) Said it's all right (baby it's all right) Said it's all right (baby it's all right) Said it's all right (baby it's all right) Said it's all right (baby it's all right) Said it's all right (baby it's all right)  Woah! Shake that thing now (baby shake that thing) Baby, shake that thing right now (baby shake that thing) Baby, shake that thing (baby shake that thing) Baby, shake that thing right now (baby shake that thing) Baby, shake that thing (baby shake that thing) Baby, shake that thing (baby shake that thing)  Woah! I feel all right now yeah (make me feel all right) I feel all right now yeah (make me feel all right) Woah! (make me feel all right) I feel all right (make me feel all right) I feel all right (make me feel all right) I feel all right (make me feel all right)5EmbedShare URLCopyEmbedCopy
4;Dream A Little Dream Of Me;Ella Fitzgerald;Stars shining bright above you Night breezes seem to whisper, I love you Birds singin' in the sycamore trees Dream a little dream of me  Say nighty-night and kiss me Just hold me tight and tell me you'll miss me While I'm alone and blue as can be Dream a little dream of me  Stars fading but I linger on dear Still craving your kiss Now I'm longin' to linger till dawn dear Just saying this  Sweet dreams till sunbeams find you Sweet dreams that leave all worries behind you But in your dreams whatever they be Dream a little dream of me  Stars fading but I linger on dear Still craving your kiss I'm longin' to linger till dawn dear Just saying this Sweet dreams till sunbeams find you Leave the worries behind you But in your dreams, whatever may be You've gotta make me a promise, promise to me You'll dream, dream a little dream of me12EmbedShare URLCopyEmbedCopy
5;That'll Be The Day;Buddy Holly;Well, that'll be the day, when you say goodbye Yes, that'll be the day, when you make me cry You say you're going to leave, you know it's a lie Because that'll be the day when I die  Well, you give me all your lovin' and your turtle dovin' All your hugs and kisses and your money too Well, you know you love me baby Until you tell me, maybe That someday, well I'll be through  Well, that'll be the day, when you say goodbye Yes, that'll be the day, when you make me cry You say you're going to leave, you know it's a lie Because that'll be the day when I die Well, that'll be the day, when you say goodbye Yes, that'll be the day, when you make me cry You say you're going to leave, you know it's a lie Because that'll be the day when I die  Well, when Cupid shot his dart He shot it at your heart So if we ever part and I leave you You sit and hold me and you tell me boldly That someday, well I'll be blue Well, that'll be the day, when you say goodbye Yes, that'll be the day, when you make me cry You say you're going to leave, you know it's a lie Because that'll be the day when I die  Well, that'll be the day, hoo-hoo That'll be the day, hoo-hoo That'll be the day, hoo-hoo That'll be the day4EmbedShare URLCopyEmbedCopy
6;Blueberry Hill;Fats Domino;I found my thrill on Blueberry Hill On Blueberry Hill, when I found you  The moon stood still on Blueberry Hill And lingered until my dream came true  The wind in the willow played Love's sweet melody But all of those vows you made Were never to be  Though we're apart, you're part of me still For you were my thrill on Blueberry Hill  The wind in the willow played Love's sweet melody But all of those vows you made Were only to be  Though we're apart, you're part of me still For you were my thrill on Blueberry Hill1EmbedShare URLCopyEmbedCopy
7;Mack the Knife;Bobby Darin;Oh the shark, babe, has such teeth, dear And he shows them pearly white Just a jackknife has old Macheath, babe And he keeps it outta sight You know when that shark bites with his teeth, babe Scarlet billows start to spread Fancy gloves, though, wears ol' Macheath, babe So there's never, never a trace of red Now, on the side walk, ooh Sunday morning, uh huh Lies a body just oozing life, eek And someone's sneaking 'round the corner Could that someone be Mack the Knife? There's a tugboat down by the river, don't you know Where a cement bag's just a-drooping on down Oh, that cement is just, it's there for the weight, dear Five'll get ya ten, ol' Mackie's back in town Now did ya hear 'bout Louie Miller? He disappeared, babe After drawing out all his hard earned cash And now Macheath spends just like a sailor Could it be our boy's done something rash? Now, Jenny Diver, ho ho, Suky Tawdry Ooh, Miss Lotte Lenya and ol' Lucy Brown Oh, the line forms on the right, babe Now that Mackie's back in town I said, Jenny Diver, woah, Suky Tawdry Look out, Miss Lotte Lenya and ol' Lucy Brown Yes, that line forms on the right, babe Now that Mackie's back in town Look out ol' Mackie is back6EmbedShare URLCopyEmbedCopy
8;Wake up Little Susie;The Everly Brothers;"Wake up, little Susie, wake up Wake up, little Susie, wake up  We've both been sound asleep Wake up, little Susie, and weep The movie's over It's four o'clock And we're in trouble deep  Wake up, little Susie Wake up, little Susie  Well, what are we gonna tell your mama? What are we gonna tell your pa? What are we gonna tell all our friends When they say, ""Ooh la la!""  Wake up, little Susie Wake up, little Susie  Well, I told your mama that You'd be in by ten Well, Susie, baby Looks like we goofed again Wake up, little Susie Wake up, little Susie We gotta go home  Wake up, little Susie, wake up Wake up, little Susie, wake up  The movie wasn't so hot It didn't have much of a plot We fell asleep Our goose is cooked Our reputation is shot  Wake up, little Susie Wake up, little Susie  Well, what are we gonna tell your mama? What are we gonna tell your pa? What are we gonna tell our friends When they say, ""Ooh la la!""  Wake up, little Susie Wake up, little Susie Wake up, little Susie1EmbedShare URLCopyEmbedCopy"
9;Great Balls Of Fire;Jerry Lee Lewis;You shake my nerves and you rattle my brain Too much love drives a man insane You broke my will But what a thrill Goodness gracious, great balls of fire! I laughed at love 'cause I thought it was funny You came along and you moved me honey I've changed my mind This love is fine Goodness gracious, great balls of fire! Kiss me baby Mmmmh, it feels good Hold me baby Well I'm off to love you like a lover should Oh you’re fine, so kind Got to tell this world that you're mine, mine, mine, mine I chew my nails and then I twiddle my thumbs I'm real nervous but it sure is fun Come on baby, you drive me crazy Goodness gracious, great balls of fire! (Piano solo) Well, kiss me baby Mmmmh, it feels good, yeah Hold me baby Well I'm off to love you like a lover should You're fine, so kind Got to tell this world that you're mine mine mine mine I chew my nails and I twiddle my thumbs I'm real nervous but it sure is fun Come on baby, you’re driving me crazy Goodness gracious, great balls of fire!1EmbedShare URLCopyEmbedCopy
10;Johnny B. Goode;Chuck Berry;"Deep down in Louisiana close to New Orleans Way back up in the woods among the evergreens There stood a log cabin made of earth and wood Where lived a country boy named Johnny B. Goode Who never ever learned to read or write so well But he could play a guitar just like a ringing a bell  Go, go Go Johnny go, go Go Johnny go, go Go Johnny go, go Go Johnny go, go Johnny B. Goode  He used to carry his guitar in a gunny sack Go sit beneath the tree by the railroad track Oh, the engineers would see him sitting in the shade Strumming with the rhythm that the drivers made People passing by they would stop and say Oh my, but that little country boy could play  Go, go Go Johnny go, go Go Johnny go, go Go Johnny go, go Go Johnny go, go Johnny B. Goode His mother told him ""Someday you will be a man And you will be the leader of a big old band Many people coming from miles around To hear you play your music when the sun go down Maybe someday your name will be in lights Saying 'Johnny B. Goode Tonight'""  Go, go Go Johnny go Go go go, Johnny go Oh go go, Johnny go Oh go go, Johnny go Go, Johnny B. Goode26EmbedShare URLCopyEmbedCopy"
11;Summertime Blues;Eddie Cochran;"I'm a-gonna raise a fuss I'm a-gonna raise a holler About workin' all summer Just-a trying to earn a dollar Every time I call my baby Try to get a date My boss says ""No dice, son You gotta work late"" Sometimes I wonder What I'm a-gonna do But there ain't no cure For the summertime blues Well my mama and papa told me ""Son, you gotta make some money If you wanna use the car To go a-ridin' next Sunday"" Well, I didn't go to work Told the boss I was sick ""You can't use the car Cause you didn't work a lick"" Sometimes I wonder What I'm a-gonna do But there ain't no cure For the summertime blues I'm gonna take two weeks Gonna have a fine vacation I'm gonna take my problem To the United Nations Well, I called my congressman And he said, quote: ""I'd like to help you, son But you're too young to vote"" Sometimes I wonder What I'm a-gonna do But there ain't no cure For the summertime blues2EmbedShare URLCopyEmbedCopy"
12;Rave On;Buddy Holly;A-we-a-he-a-hell The little things you say and do Make me want to be with you-ah-hoo  A-Rave on, it's a crazy feeling and-a I know it's got me reeling When you say, I love you-hoo, rave on  The way you dance a-and hold me tight The way you kiss and say goodni-hi-ight  A-Rave on, it's a crazy feeling and-a I know it's got me reeling When you say, I love you-hoo, rave on  A-well rave on, a-it's a crazy feeling and I know, it's got me reeling I'm so glad, that you're revealing Your love for me Rave on, rave on and tell me Tell me, not to be lonely Tell me, you love me only Rave on to me4EmbedShare URLCopyEmbedCopy
13;I Can't Stop Loving You;Ray Charles;(I can't stop loving you) I've made up my mind To live in memories of the lonesome times (I can't stop wanting you) It's useless to say So I'll just live my life in dreams of yesterdays (Dreams of yesterday)  Those happy hours that we once knew Though long ago, they still make me blue They say that time heals a broken heart But time has stood still since we've been apart  (I can't stop loving you) I've made up my mind To live in memories of the lonesome times (I can't stop wanting you) It's useless to say So I'll just live my life in dreams of yesterdays  (Those happy hours) Those happy hours (That we once knew) That we once knew (Though long ago) Though long ago (They still make me blue) They still make me blue (They say that time) They say that time (Heals a broken heart) Heals a broken heart (But time has stood still) Time has stood still (Since we've been apart) Since we've been apart (I can't stop loving you) I said I've made up my mind To live in memories of the lonesome times Sing the song to me (I can't stop wanting you) It's useless to say So I'll just live my life of dreams of yesterdays (Of yesterdays)1EmbedShare URLCopyEmbedCopy
14;Jambalaya;Fats Domino;Goodbye Joe, me gotta go, me oh my oh Me gotta go, pole the pirogue down the bayou My Yvonne, the sweetest one, me oh my oh Son of a gun, we'll have big fun on the bayou Jambalaya and a craw fish pie and filet gumbo 'Cause tonight I'm gonna see my ma Cher Amio Pick guitar, fill fruit jar and be gayo Son of a gun, we'll have big fun on the bayou Thibodaux, Fontaineaux, the place is buzzin' Kinfolks come to see Yvonne by the dozen Dress in style, go hog wild and be gayo Son of a gun, we'll have big fun on the bayou Jambalaya and a craw fish pie and filet gumbo 'Cause tonight I'm gonna see my ma cher amio Pick guitar, fill fruit jar and be gayo Son of a gun, we'll have big fun on the bayouEmbedShare URLCopyEmbedCopy
15;Smile;Nat King Cole;Smile though your heart is aching Smile even though it's breaking When there are clouds in the sky, you'll get by If you smile through your fear and sorrow Smile and maybe tomorrow You'll see the sun come shining through for you  Light up your face with gladness Hide every trace of sadness Although a tear may be ever so near That's the time you must keep on trying Smile, what's the use of crying? You'll find that life is still worthwhile If you just smile That's the time you must keep on trying Smile, what's the use of crying? You'll find that life is still worthwhile If you just smile6EmbedShare URLCopyEmbedCopy
16;Good Golly, Miss Molly;Little Richard;"Good Golly Miss Molly, sure like to ball Good Golly Miss Molly, sure like to ball When you're rocking and rolling Can't hear your mama call  From the early, early morning To the early, early night When you caught Miss Molly Rocking at the House of Blue Lights  Good Golly Miss Molly, sure like to ball When you're rocking and rolling Can't hear your mama call  Momma, pappa told me ""Son, you better watch your step"" If they knew about Miss Molly I'd have to watch my pap myself  Good Golly Miss Molly, sure like to ball When you're rocking and rolling Can't hear your mama call Ahhhhh!  Good Golly Miss Molly, sure like to ball Good Golly Miss Molly, sure like to ball Oh, when you're rocking and rolling Can't hear your mama call  I am going to the corner Going to buy a diamond ring Would you pardon me Kiss me, make me ting-a-ling-a-ling  Good Golly Miss Molly, sure like to ball When you're rocking and rolling Can't hear your mama call1EmbedShare URLCopyEmbedCopy"
17;Living Doll;Cliff Richard;Got myself a cryin', talkin' Sleepin', walkin', livin' doll Gotta do my best to please her Just 'cos she's a livin' doll Got a rovin' eye And that is why, she satisfies my soul Got the one and only, walkin', talkin', livin' doll Take a look at her hair, it's real And if you don't believe what I say, just feel I'm gonna lock her up in a trunk So, no big hunk can steal her away from me Got myself a cryin', talkin' Sleepin', walkin', livin' doll Gotta do my best to please her Just 'cos she's a livin' doll Got a rovin' eye And that is why she satisfies my soul Got the one and only, walkin', talkin', livin' doll Take a look at her hair, it's real And if you don't believe what I say, just feel I'm gonna lock her up in a trunk So no big hunk can steal her away from me Got myself a cryin', talkin' Sleepin', walkin', livin' doll Gotta do my best to please her Just 'cos she's a livin' doll Got a rovin' eye And that is why, she satisfies my soul Got the one and only, walkin', talkin', livin' dollEmbedShare URLCopyEmbedCopy
18;Ain't That A Shame;Fats Domino;"You made me cry When you said, ""good-bye"" Ain't that a shame? My tears fell like rain Ain't that a shame? You're the one to blame  You broke my heart When you said we'll part Ain't that a shame? My tears fell like rain Ain't that a shame? You're the one to blame  Oh, well, goodbye Although I'll cry Ain't that a shame? My tears fell like rain Ain't that a shame? You're the one to blame  You made me cry When you said, ""good-bye"" Ain't that a shame? My tears fell like rain Ain't that a shame? You're the one to blame  Oh well, goodbye Although I'll cry Ain't that a shame? My tears fell like rain Ain't that a shame? You're the one to blame1EmbedShare URLCopyEmbedCopy"
19;Don't Be Cruel;Elvis Presley;"You know I can be found Sitting home all alone If you can't come around At least please telephone  Don't be cruel to a heart that's true  Baby, if I made you mad For something I might have said Please, let's forget my past The future looks bright ahead  Don't be cruel to a heart that's true  I don't want no other love Baby, it's just you I'm thinkin' of  Don't stop thinking of me Don't make me feel this way C'mon over here and love me You know what I want you to say Don't be cruel to a heart that's true  Why should we be apart? I really love you, baby, cross my heart  Let's walk up to the preacher And let us say ""I do"" Then you'll know you'll have me And I'll know that I'll have you  Don't be cruel to a heart that's true  I don't want no other love Baby, it's just you I'm thinkin' of  Don't be cruel to a heart that's true Don't be cruel to a heart that's true  I don't want no other love Baby, it's just you I'm thinkin' of9EmbedShare URLCopyEmbedCopy"
20;Unforgettable;Nat King Cole;Unforgettable That's what you are Unforgettable Tho' near or far  Like a song of love that clings to me How the thought of you does things to me Never before Has someone been more...  Unforgettable In every way And forever more That's how you'll stay  That's why, darling, it's incredible That someone so unforgettable Thinks that I am Unforgettable, too  Unforgettable In every way And forever more That's how you'll stay  That's why, darling, it's incredible That someone so unforgettable Thinks that I am Unforgettable, too6EmbedShare URLCopyEmbedCopy
21;Magic Moments;Perry Como;Magic moments When two hearts are caring Magic moments Memories we've been sharing  I'll never forget the moment We kissed the night of the hayride The way that we hugged to try to keep warm While taking a sleigh ride  Magic moments Memories we've been sharing Magic moments When two hearts are caring Time can't erase the memory of These magic moments filled with love  The telephone call That tied up the line for hours and hours The Saturday dance I got up the nerve To send you some flowers  The way that we cheered Whenever our team was scoring a touch down The time that the floor fell out of my car When I put the clutch down  The penny arcade, the games that we played The fun and the prizes The Halloween hop when everyone came In funny disguises Magic moments Filled with love1EmbedShare URLCopyEmbedCopy
22;True Love Ways;Buddy Holly;Just you know why Why you and I Will by and by Know true love ways Sometimes we'll sigh Sometimes we'll cry And we'll know why Just you and I Know true love ways Throughout the days Our true love ways Will bring us joys to share With those who really care Sometimes we'll sigh Sometimes we'll cry And we'll know why Just you and I Know true love ways Throughout the days Our true love ways Will bring us joys to share With those who really care Sometimes we'll sigh Sometimes we'll cry And we'll know why Just you and I Know true love waysEmbedShare URLCopyEmbedCopy
23;Beyond the Sea;Bobby Darin;Somewhere beyond the sea Somewhere waiting for me My lover stands on golden sands And watches the ships that go sailing Somewhere beyond the sea She's there watching for me If I could fly like birds on high Then straight to her arms I'd go sailing It's far beyond the stars It's near beyond the moon I know beyond a doubt My heart will lead me there soon We'll meet beyond the shore We'll kiss just as before Happy we'll be beyond the sea And never again I'll go sailing Ah! I know beyond a doubt, ow! My heart will lead me there soon We'll meet (I know we'll meet) beyond the shore We'll kiss just as before Happy we'll be beyond the sea And never again I'll go sailing No more sailing So long, sailing Bye, bye, sailing Move on out, captain...12EmbedShare URLCopyEmbedCopy
24;He'll Have to Go;Jim Reeves;Put your sweet lips a little closer to the phone Let's pretend that we're together, all alone I'll tell the man to turn the jukebox way down low And you can tell your friend there with you he'll have to go  Whisper to me, tell me do you love me true Or is he holding you the way I do? Though love is blind, make up your mind, I've got to know Should I hang up, or will you tell him he'll have to go?  You can't say the words I want to hear While you're with another man Do you want me, answer yes or no Darling, I will understand  Put your sweet lips a little closer to the phone Let's pretend that we're together, all alone I'll tell the man to turn the jukebox way down low And you can tell your friend there with you he'll have to goEmbedShare URLCopyEmbedCopy
25;I Walk the Line;Johnny Cash;I keep a close watch on this heart of mine I keep my eyes wide open all the time I keep the ends out for the tie that binds Because you're mine, I walk the line  I find it very, very easy to be true I find myself alone when each day is through Yes, I'll admit that I'm a fool for you Because you're mine, I walk the line  As sure as night is dark and day is light I keep you on my mind both day and night And happiness I've known proves that it's right Because you're mine, I walk the line  You've got a way to keep me on your side You give me cause for love that I can't hide For you, I know I'd even try to turn the tide Because you're mine, I walk the line  I keep a close watch on this heart of mine I keep my eyes wide open all the time I keep the ends out for the tie that binds Because you're mine, I walk the line22EmbedShare URLCopyEmbedCopy
26;That's Amore;Dean Martin;"(In Napoli where love is king) (When boy meets girl) (Here's what they say)  When the moon hits your eye Like a big pizza pie, that's amore When the world seems to shine Like you've had too much wine, that's amore  Bells will ring, ting-a-ling-a-ling Ting-a-ling-a-ling and you'll sing, ""Vita bella"" Hearts will play tippy-tippy-tay Tippy-tippy-tay like a gay tarantella  When the stars make you drool Just like a pasta e fasule, that's amore When you dance down the street With a cloud at your feet, you're in love When you walk in a dream But you know, you're not dreaming, signore Scusami, but you see Back in old Napoli, that's amore (When the moon hits your eye) (Like a big pizza pie, that's amore) That's amore (When the world seems to shine) (Like you've had too much wine, that's amore) That's amore  (Bells will ring ting-a-ling-a-ling) (Ting-a-ling-a-ling and you'll sing, ""Vita bella, vita bella, vita bella"") (Hearts will play tippy-tippy-tay) (Tippy-tippy-tay like a gay tarantella) Lucky fella  When the stars make you drool Just like a pasta e fasule, that's amore (That's amore) When you dance down the street With a cloud at your feet, you're in love When you walk in a dream But you know, you're not dreaming, signore Scusami, but you see Back in old Napoli, that's amore  (Amore) That's amore7EmbedShare URLCopyEmbedCopy"
27;Bye Bye Love;The Everly Brothers;Bye bye love Bye bye happiness Hello loneliness I think I'm gonna cry Bye bye love Bye bye sweet caress Hello emptiness I feel like I could die Bye bye my love goodbye  There goes my baby with someone new She sure looks happy, I sure am blue She was my baby 'till he stepped in Goodbye to romance that might've been  Bye bye love Bye bye happiness Hello loneliness I think I'm gonna cry Bye bye love Bye bye sweet caress Hello emptiness I feel like I could die Bye bye my love goodbye I'm through with romance, I'm through with love I'm through with counting the stars above And here's the reason that I'm so free My lovin' baby is through with me  Bye bye love Bye bye happiness Hello loneliness I think I'm gonna cry Bye bye love Bye bye sweet caress Hello emptiness I feel like I could die Bye bye my love goodbye Bye bye my love goodbye Bye bye my love goodbye Bye bye my love goodbye6EmbedShare URLCopyEmbedCopy
28;Move It;Cliff Richard;C'mon pretty baby let's a move it and a-groove it Well shake oh baby, shake oh honey, please don't lose it The rhythm that gets into your heart and soul Well, let me tell you baby, it's called rock 'n' roll They say it's gonna die but please let's face it Well, they just don't know what's a goin' to replace it Yeah, ballads and calypsos they got nothin' on Real country music that just drives along Well, move it C'mon pretty baby let's a-move it and a-groove it Well shake-a baby, shake-a honey, please don't lose it The rhythm that gets into your heart and soul Well, let me tell you baby, it's called rock 'n' roll They say it's gonna die but please let's face it They just don't know what's a-goin' to replace it Ballads and calypsos have nothin' on Real country music that just drives along Oh honey, move it Hey move it A-ha move it A-ha move itEmbedShare URLCopyEmbedCopy
29;The Great Pretender;The Platters;Oh-oh, yes I'm the great pretender Pretending that I'm doing well My need is such I pretend too much I'm lonely but no one can tell  Oh-oh, yes I'm the great pretender Adrift in a world of my own I've played the game but to my real shame You've left me to grieve all alone  Too real is this feeling of make-believe Too real when I feel what my heart can't conceal  Yes, I'm the great pretender Just laughin' and gay like a clown I seem to be what I'm not, you see I'm wearing my heart like a crown Pretending that you're still around  Too real is this feeling of make-believe Too real when I feel what my heart can't conceal Yes, I'm the great pretender Just laughin' and gay like a clown I seem to be what I'm not, you see I'm wearing my heart like a crown Pretending that you're still around6EmbedShare URLCopyEmbedCopy
30;Personality;Lloyd Price;Over and over I tried to prove my love to you Over and over What more can I do Over and over My friend says I'm a fool But over and over I'll be a fool for you Cause you got personality Walk (with personality) Talk (with personality) Smile (with personality) Charm (with personality) Love (with personality) And plus you've got A great big heart So over and over Oh, I'll be a fool for you Now over and over What more can I do Cause you got personality Walk (with personality) Talk (with personality) Smile (with personality) Charm (with personality) Love (with personality) And plus you've got A great big heart So over and over Whoa, I'll be a fool for you Now over and over What more can I do Over and over I said that I love you Over and over, honey Now it's the truth Over and over They still say I'm a fool But over and over I'll be a fool for you Cause you got personality Walk (with personality) Talk (with personality) Smile (with personality) Charm (with personality) Love (with personality) And plus you've got A great big heart So over and over Whoa, I'll be a fool for you Now over and over What more can I doEmbedShare URLCopyEmbedCopy
31;Peggy Sue;Buddy Holly;If you knew Peggy Sue Then you'd know why I feel blue Without Peggy, my Peggy Sue Oh well I love you gal, yes, I love you Peggy Sue  Peggy Sue, Peggy Sue Oh how my heart yearns for you Oh Peggy, my Peggy Sue Oh well I love you gal, yes, I love you Peggy Sue  Peggy Sue, Peggy Sue Pretty, pretty, pretty, pretty Peggy Sue Oh Peggy, my Peggy Sue Oh well I love you gal, and I need you Peggy Sue  I love you, Peggy Sue, with a love so rare and true Oh Peggy, my Peggy Sue Well I love you gal, I want you Peggy Sue   Peggy Sue, Peggy Sue Pretty, pretty, pretty, pretty Peggy Sue Oh Peggy, my Peggy Sue Oh well I love you gal, yes, I need you Peggy Sue I love you, Peggy Sue, with a love so rare and true Oh Peggy, my Peggy Sue Oh well I love you gal, and I want you Peggy Sue Oh well I love you gal, and I want you Peggy Sue1EmbedShare URLCopyEmbedCopy
32;I Get A Kick Out Of You;Frank Sinatra;My story is much too sad to be told But practically everything leaves me totally cold The only exception I know is the case When I'm out on a quiet spree Fighting vainly the old ennui And I suddenly turn and see Your fabulous face I get no kick from champagne Mere alcohol doesn't thrill me at all So tell me why should it be true That I get a kick out of you Some, they may go for cocaine I'm sure that if I took even one sniff It would bore me terrifically, too Yet, I get a kick out of you I get a kick every time I see you Standing there before me I get a kick though it's clear to see You obviously do not adore me I get no kick in a plane Flying too high with some gal in the sky Is my idea of nothing to do Yet I get a kick You give me a boot I get a kick out of you3EmbedShare URLCopyEmbedCopy
33;Blue Suede Shoes;Elvis Presley;Well, it's one for the money, two for the show Three to get ready, now go, cat, go  But don't you step on my blue suede shoes Well, you can do anything, but stay off of my blue suede shoes  Well, you can knock me down, step in my face Slander my name all over the place Do anything that you wanna do But uh-uh honey, lay off of them shoes  And don't you step on my blue suede shoes Well, you can do anything, but stay off of my blue suede shoes Let's go, cat!  Ah, walk the dog  You can burn my house, steal my car Drink my liquor from an old fruit jar Do anything that you want to do But uh-uh, honey, lay off of my shoes And don't you step on my blue suede shoes Well, you can do anything, but lay off of my blue suede shoes Rock it  Yeah!  Well, it's one for the money, two for the show Three to get ready, now go, cat, go  But don't you step on my blue suede shoes Well, you can do anything but lay off of my blue suede shoes  Well it's blue, blue, blue suede shoes Blue, blue, blue suede shoes, yeah Blue, blue, blue suede shoes, baby Blue, blue, blue suede shoes Well, you can do anything but lay off of my blue suede shoes5EmbedShare URLCopyEmbedCopy
34;Maybellene;Chuck Berry;Maybellene, why can't you be true? Oh, Maybellene, why can't you be true? You done started doing the things you used to do  As I was motorvatin' over the hill I saw Maybellene in a Coupe DeVille A Cadillac a-rollin' on the open road Nothin' will outrun my V8 Ford The Cadillac doin' 'bout ninety-five She's bumper to bumper rollin' side by side  Maybellene, why can't you be true? Oh, Maybellene, why can't you be true? You've started back doing the things you used to do  A Cadillac pulled up to one hundred and four The Ford got hot and wouldn't do no more It done got a cloud and started to rain I tooted my horn for the passin' lane The rain water blowin' all under my hood I knew that was doin' my motor good Maybellene, why can't you be true? Oh, Maybellene, why can't you be true? You done started back doing the things you used to do   Oh Maybellene, why can't you be true Oh Maybellene, why can't you be true You done started back doing the things you used to do  The motor cooled down, the heat went down And that's when I heard that highway sound The Cadillac a-sittin' like a ton of lead A hundred and ten a half a mile ahead The Cadillac lookin' like it's sittin' still And I caught Maybellene at the top of the hill  Maybellene, why can't you be true? Oh, Maybellene, why can't you be true? You done started back doing the things you used to do4EmbedShare URLCopyEmbedCopy
35;(We're Gonna) Rock Around The Clock;Bill Haley & His Comets;One, two, tree o'clock, four o'clock rock Five, six, seven o'clock, eight o'clock rock Nine, ten, eleven o'clock, twelve o'clock rock We're gonna rock around the clock tonight Put your glad rags on, join me, hon We'll have some fun while the clock strikes one We're gonna rock around the clock tonight We're gonna rock, rock, rock 'till broad daylight We're gonna rock, gonna rock around the clock tonight When the clock strikes two or tree and four If the band slows down we'll yell for more We're gonna rock around the clock tonight We're gonna rock, rock, rock 'till broad daylight We're gonna rock gonna rock around the clock tonight When the chimes ring five, six and seven We'll be right in seventh heaven We're gonna rock around the clock tonight We're gonna rock, rock, rock, 'till broad daylight We're gonna rock, gonna rock, around the clock tonight When it's eight, nine, ten, eleven too I'll be goin' strong and so will you We're gonna rock around the clock tonight We're gonna rock, rock, rock, 'till broad daylight We're gonna rock, gonna rock, around the clock tonight When the clock strikes twelve, we'll cool off then Start a rockin' round the clock again We're gonna rock around the clock tonight We're gonna rock, rock, rock, 'till broad daylight We're gonna rock, gonna rock, around the clock tonightEmbedShare URLCopyEmbedCopy
36;It Doesn't Matter Anymore;Buddy Holly;There you go and baby, here am I Well you left me here so I could sit and cry Well Golly gee what have you done to me Well I guess it doesn't matter anymore Do you remember baby, last September How you, held me tight each and every night Well oopsie daisy, how you drove me crazy But I guess it doesn't matter anymore  There's no use in me a-crying I've done everything And now I'm sick of trying I've thrown away my nights And wasted all my days over you Well you go your way, and I'll go mine Now and forever 'till the end of time I'll find somebody new and baby We'll say we're through And you won't matter anymore  There's no use in me a-crying I've done everything And now I'm sick of trying I've thrown away my nights And wasted all my days over you Well you go your way, and I'll go mine Now and forever 'till the end of time And I'll find somebody new and baby We'll say we're through And you won't matter anymoreEmbedShare URLCopyEmbedCopy
37;Twilight Time;The Platters;Heavenly shades of night are falling It's twilight time Out of the mist your voice is calling 'Tis twilight time When purple colored curtains Mark the end of day I'll hear you my dear at twilight time Deepening shadows gather splendor As day is done Fingers of night will soon surrender The setting sun I count the moments darling 'Till you're here with me Together at last at twilight time Here in the afterglow of day We keep our rendezvous beneath the blue Here in the sweet and same old way I fall in love again as I did then Deep in the dark your kiss will thrill me Like days of old Lighting the spark of love that fills me With dreams untold Each day I pray for evening just To be with you Together at last at twilight time Here in the afterglow of day We keep our rendezvous beneath the blue Here in the sweet and same old way I fall in love again as I did then Deep in the dark your kiss will thrill me Like days of old Lighting the spark of love that fills me With dreams untold Each day I pray for evening just To be with you Together at last at twilight time Together at last at twilight time1EmbedShare URLCopyEmbedCopy
38;Stagger Lee;Lloyd Price;"The night was clear And the moon was yellow And the leaves came tumbling down I was standing on the corner When I heard my bulldog bark He was barking at the two men Who were gambling in the dark It was Stagger Lee and Billy Two men who gambled late Stagger Lee threw seven Billy swore that he threw eight Stagger Lee told Billy ""I can't let you go with that You have won all my money And my brand new Stetson hat."" Stagger Lee started off Goin down that railroad track He said, I can't get you Billy But don't be here when I come back Go on, Stagger Lee Stagger Lee went home And he got his .44 Said, ""I'm going to the bar room Just to pay that debt I owe."" Stagger Lee went to the bar room And he stood across the bar room door Said, ""Now nobody move."" And he pulled his .44 ""Stagger Lee,"" cried Billy ""Oh, please don't take my life I got three little children And a very sickly wife."" Stagger Lee shot Billy Oh he shot that poor boy so bad Till the bullet came through Billy And it broke the bartender's glass Now look out, Stagg, come onEmbedShare URLCopyEmbedCopy"
39;Love Me Tender;Elvis Presley;Love me tender, love me sweet Never let me go You have made my life complete And I love you so  Love me tender, love me true All my dreams fulfilled For my darling I love you And I always will  Love me tender, love me long Take me to your heart For it's there that I belong And we'll never part  Love me tender, love me true All my dreams fulfilled For my darling I love you And I always will  Love me tender, love me dear Tell me you are mine I'll be yours, through all the years 'Til the end of time Love me tender, love me true All my dreams fulfilled For my darling I love you And I always will8EmbedShare URLCopyEmbedCopy
40;Whole Lot of Shakin' Going On;Jerry Lee Lewis;Sister Rosetta Tharpe - Strange Things Happening Every Day Chuck Berry - Johnny B. Goode Little Richard - Tutti Frutti Elvis Presley - Blue Suede Shoes Sister Rosetta Tharpe - Rock Daniel Johnny Cash - Ring of Fire The Rolling Stones - I Just Want To Make Love To You (Mono Version) Fats Domino - Ain't That A Shame Sister Rosetta Tharpe - That's All Chubby Checker - The Twist The Kingsmen - Louie Louie Elvis Presley - Jailhouse Rock The Rolling Stones - Jumpin' Jack Flash (Mono) Roy Orbison - Oh, Pretty Woman The Beatles - Twist And Shout (Remastered 2009) Little Richard - Long Tall Sally Bill Haley & His Comets - (We're Gonna) Rock Around The Clock Sister Rosetta Tharpe - Down by the Riverside Sister Rosetta Tharpe - Rock Me (feat. Lucky Millinder And His Orchestra) The Who - My Generation (Stereo Version) Neil Sedaka - Calendar Girl Little Richard - Good Golly Miss Molly Jerry Lee Lewis - Great Balls Of Fire Sister Rosetta Tharpe - Shout, Sister, Shout! (feat. Lucky Millinder And His Orchestra) Buddy Holly - That'll Be The Day Johnny Cash - I Walk the Line The Beatles - All My Loving (Remastered 2009) Chuck Berry - Run Rudolph Run (Single Version) Jerry Lee Lewis - Whole Lot of Shakin' Going On The Rolling Stones - I'm A King Bee Johnny Cash - A Boy Named Sue (Live at San Quentin State Prison, San Quentin, CA - February 1969) Chuck Berry - You Never Can Tell Johnny Cash - Folsom Prison Blues (Live at Folsom State Prison, Folsom, CA - January 1968) The Beach Boys - Surfin' U.S.A. (Remastered) Elvis Presley - Hound Dog Elvis Presley - Heartbreak Hotel Carl Perkins - Blue Suede Shoes Carl Perkins - Matchbox Chuck Berry - Roll Over Beethoven Fats Domino - Blueberry Hill Chubby Checker - Let's Twist Again Chuck Berry - No Particular Place To Go The Beatles - I Saw Her Standing There (Remastered 2009) Neil Sedaka - Breaking Up Is Hard to Do Carl Perkins - Boppin' The Blues Chuck Berry - Maybellene (Single Version) Jerry Lee Lewis - Wild One John Mayall & The Bluesbreakers - All Your Love (Mono) (feat. Eric Clapton) The Beatles - A Hard Day's Night (Remastered 2009) Chuck Berry - Sweet Little SixteenEmbedShare URLCopyEmbedCopy
41;Roll Over Beethoven;Chuck Berry;Well I'mma write a little letter I'm gonna mail it to my local DJ Yeah it's a jumping little record I want my jockey to play Roll over Beethoven, I gotta hear it again today  You know my temperature's rising The jukebox blowing a fuse My heart's beating rhythm And my soul keep a-singing the blues Roll over Beethoven Tell Tchaikovsky the news  I got the rocking pneumonia I need a shot of rhythm and blues I caught the rolling arthritis Sitting down at a rhythm revue Roll over Beethoven They rocking in two by two  Well, if you feel and like it Go get your lover, then reel and rock it Roll it over then move on up just A trifle further and reel and rock with One another Roll over Beethoven Dig these rhythm and blues Well, early in the morning I'm giving you my warning Don't you step on my blue suede shoes Hey diddle diddle, I'ma play my fiddle Ain't got nothing to lose Roll over Beethoven And tell Tchaikovsky the news  You know she wiggle like a glow worm Dance like a spinnin' top She got a crazy partner You oughta see him reel and rock Long as she got a dime, the music won't never stop  Roll over Beethoven Roll over Beethoven Roll over Beethoven Roll over Beethoven Roll over Beethoven and dig these rhythm and blues3EmbedShare URLCopyEmbedCopy
42;Dream Lover;Bobby Darin;Every night I hope and pray A dream lover will come my way A girl to hold in my arms And know the magic of her charms  Cause I want (yeah-yeah, yeah) A girl (yeah-yeah, yeah) To call (yeah-yeah, yeah) My own (yeah-yeah, yeah) I want a dream lover So I don't have to dream alone  Dream lover, where are you With a love, oh, so true And the hand that I can hold To feel you near as I grow old  Cause I want (yeah-yeah, yeah) A girl (yeah-yeah, yeah) To call (yeah-yeah, yeah) My own (yeah-yeah, yeah) I want a dream lover So I don't have to dream alone Someday, I don't know how I hope she'll hear my plea Some way, I don't know how She'll bring her love to me  Dream lover, until then I'll go to sleep and dream again That's the only thing to do Till all my lover's dreams come true  Cause I want (yeah-yeah, yeah) A girl (yeah-yeah, yeah) To call (yeah-yeah, yeah) My own (yeah-yeah, yeah) I want a dream lover So I don't have to dream alone  Dream lover, until then I'll go to sleep and dream again That's the only thing to do Till all my lover's dreams come true Cause I want (yeah-yeah, yeah) A girl (yeah-yeah, yeah) To call (yeah-yeah, yeah) My own (yeah-yeah) I want a dream lover So I don't have to dream alone  Please don't make me dream alone I beg you don't make me dream alone No, I don't wanna dream alone4EmbedShare URLCopyEmbedCopy
43;Tutti Frutti;Little Richard;Whop bop b-luma b-lop bam bom Tutti frutti, oh rooty Tutti frutti, oh rooty Tutti frutti, oh rooty Tutti frutti, oh rooty Tutti frutti, oh rooty A wop bop b-luma b-lop bam bom  I got a girl named Sue She knows just what to do I got a girl named Sue She knows just what to do  She rocks to the east, she rocks to the west But she's the girl that I love best  Tutti frutti, oh rooty Tutti frutti, oh rooty, whoo Tutti frutti, oh rooty Tutti frutti, oh rooty Tutti frutti, oh rooty A wop bop-b-luma b-lop bam bom Got a girl named Daisy She almost drives me crazy Got a girl named Daisy She almost drives me crazy  She knows how to love me, yes, indeed Boy, you don't know what she do to me  Tutti frutti, oh rooty Tutti frutti, oh rooty, whoo Tutti frutti, oh rooty Tutti frutti, oh rooty Tutti frutti, oh rooty Whop bop-b-luma, oww   Tutti frutti, oh rooty Tutti frutti, oh rooty, whoo Tutti frutti, oh rooty Tutti frutti, oh rooty Tutti frutti, oh rooty A wop bop-b-luma b-lop bam bom Got a girl named Daisy She almost drives me crazy Got a girl named Daisy She almost drives me crazy  She knows how to love me, yes, indeed Boy, you don't know what she do to me  Tutti frutti, oh rooty Tutti frutti, oh rooty, whoo Tutti frutti, oh rooty Tutti frutti, oh rooty Tutti frutti, oh rooty A wop bop-b-luma b-lop bam boom3EmbedShare URLCopyEmbedCopy
44;Everyday;Buddy Holly;"Every day, it's a-getting closer Going faster than a rollercoaster Love like yours will surely come my way A-hey, a-hey-hey  Every day, it's a-getting faster Everyone said, ""Go ahead and ask her"" Love like yours will surely come my way A-hey, a-hey-hey  Every day seems a little longer Every way, love's a little stronger Come what may Do you ever long for true love from me  Every day, it's a-getting closer Going faster than a rollercoaster Love like yours will surely come my way A-hey, a-hey-hey  Every day seems a little longer Every way, love's a little stronger Come what may Do you ever long for true love from me  Every day, it's a-getting closer Going faster than a rollercoaster Love like yours will surely come my way A-hey, a-hey-hey  Love like yours will surely come my way4EmbedShare URLCopyEmbedCopy"
45;Volare;Dean Martin;Volare, oh oh Cantare, oh oh oh oh Let's fly way up to the clouds Away from the maddening crowds We can sing in the glow of a star that I know of Where lovers enjoy peace of mind Let us leave the confusion and all disillusion behind Just like birds of a feather, a rainbow together we'll find Volare, oh oh E cantare, oh oh oh oh No wonder my happy heart sings Your love has given me wings Penso che un sogno cosi non ritorni mai più Mi dipingevo le mani e la faccia di blu Poi d'improvviso venivo dal vento rapito E incominciavo a volare nel cielo infinito Volare, oh oh E cantare, oh oh oh oh Nel blu, dipinto di blu Felice di stare lassù E volavo, volavo felice piu in alto del sole ed ancora piu sù Mentre il mondo pian piano spariva lontano laggiù Una musica dolce suonava soltanto per me Volare, oh oh E cantare, oh oh oh oh No wonder my happy heart sings Your love has given me wings Nel blu, dipinto di blu Felice di stare lassù1EmbedShare URLCopyEmbedCopy
46;Shake, Rattle And Roll;Bill Haley & His Comets;Get out in that kitchen And rattle those pots and pans Get out in that kitchen And rattle those pots and pans Well, roll my breakfast 'Cause I'm a hungry man  I said, shake, rattle and roll I said, shake, rattle and roll I said, shake, rattle and roll I said, shake, rattle and roll Well, you'll never do nothing To save your doggone soul  Wearing those dresses Your hair done up so nice Wearing those dresses Your hair done up so nice You look so warm But your heart is cold as ice  I said, shake, rattle and roll I said, shake, rattle and roll I said, shake, rattle and roll I said, shake, rattle and roll Well, you'll never do nothing To save your doggone soul Go Go Go Go  I'm like a one-eyed cat Peeping in a seafood store I'm like a one-eyed cat Peeping in a seafood store I can look at you And tell you don't love me no more  I believe you're doing me wrong And now I know I believe you're doing me wrong And now I know The more I work The faster my money goes  I said, shake, rattle and roll I said, shake, rattle and roll I said, shake, rattle and roll I said, shake, rattle and roll Well, you'll never do nothing To save your doggone soul Shake, rattle and rollEmbedShare URLCopyEmbedCopy
47;Maybe Baby;Buddy Holly;Maybe baby, I'll have you Maybe baby, you'll be true Maybe baby, I'll have you for me  It's funny honey, you don't care You never listen, to my prayer Maybe baby, you will love me some day Well you are the one that, makes me glad Any other one that, makes me sad When some day, you'll want me Well, I'll be there, wait and see   Da da ta da da da da da da Aughaaaaaaaaaaaaa  Well you are the one that, makes me glad Any other one that, makes me sad When some day, you'll want me Well, I'll be there, wait and see Maybe baby I'll have you for meEmbedShare URLCopyEmbedCopy
48;Love Letters In The Sand;Pat Boone;On a day like today We passed the time away Writing love letters in the sand How you laughed when I cried Each time I saw the tide Take our love letters from the sand You made a vow that you would ever be true But somehow that vow meant nothing to you Now my broken heart aches With every wave that breaks Over love letters in the sand Now my broken heart aches With every wave that breaks Over love letters in the sandEmbedShare URLCopyEmbedCopy
49;Rock And Roll Music;Chuck Berry;Just let me hear some of that rock and roll music Any old way you choose it It's got a backbeat you can't lose it Any old time you use it It's gotta be rock and roll music If you wanna dance with me If you wanna dance with me I have no kicks against modern jazz Unless they try to play it too darned fast And change the beauty of the melody Until it sound just like a symphony That's why I go for that rock and roll music Any old way you choose it It's got a backbeat you can't lose it Any old time you use it It's gotta be rock and roll music If you wanna dance with me If you wanna dance with me I took my loved one over 'cross the tracks So she could hear my man a-wailin' sax I must admit they have a rockin' band Man they was blowing like a hurricane That's why I go for that rock and roll music Any old way you choose it It's got a backbeat you can't lose it Any old time you use it It's gotta be rock and roll music If you wanna dance with me If you wanna dance with me Way down south they gave a jubilee I tell you folks they had a jamboree And drinking beer from a wooden cup The folks a-dancin' got all shook up They started playing that rock and roll music Any old way you choose it It's got a backbeat you can't lose it Any old way you use it It's gotta be rock and roll music If you wanna dance with me If you wanna dance with me Say if you wanna dance with me If you wanna dance with me If you wanna dance with me It's gotta be some of that If you wanna dance with meEmbedShare URLCopyEmbedCopy
50;Poor Little Fool;Ricky Nelson;I used to play around with hearts That hastened at my call But when I met that little girl I knew that I would fall Poor little fool, oh yeah I was a fool, uh huh (Oh oh, poor little fool) (I was a fool, oh yeah) She played around and teased me With her carefree devil eyes She'd hold me close and kiss me But her heart was full of lies Poor little fool, oh yeah I was a fool, uh huh (Oh oh, poor little fool) (I was a fool, oh yeah) She told me how she cared for me And that we'd never part And so for the very first time I gave away my heart Poor little fool, oh yeah I was a fool, uh huh (Oh oh, poor little fool) (I was a fool, oh yeah) The next day she was gone And I knew she'd lied to me She left me with a broken heart And won her victory Poor little fool, oh yeah I was a fool, uh huh (Oh oh, poor little fool) (I was a fool, oh yeah) Well, I'd played this game with other hearts But I never thought I'd see The day that someone else would play Love's foolish game with me Poor little fool, oh yeah I was a fool, uh huh (Oh oh, poor little fool) (I was a fool, oh yeah) Poor little fool, oh yeah I was a fool, uh huh (Oh oh, poor little fool) (Poor little fool)1EmbedShare URLCopyEmbedCopy
51;I'm Walkin';Fats Domino;I'm walkin', yes indeed and I'm talkin' About you and me, I'm hopin' That you'll come back to me, yeah-yeah I'm lonely as I can be, I'm waitin' For your company, I'm hopin' That you'll come back to me What you gonna do when the well runs dry? You gonna run away and hide I'm gonna run right by your side For you pretty baby I'll even die I'm walkin', yes indeed and I'm talkin' About you and me, I'm hopin' That you'll come back to me I'm walkin', yes indeed and I'm talkin' About you and me, I'm hopin' That you'll come back to me, mm-mm I'm lonely as I can be, I'm waitin' For your company, I'm hopin' That you'll come back to me What you gonna do when the well runs dry? You're gonna sit right down and cry What you gonna do when I say bye-bye All you gonna do is dry your eye I'm walkin', yes indeed and I'm talkin' About you and me, I'm hopin' That you'll come back to meEmbedShare URLCopyEmbedCopy
52;Cheek To Cheek;Ella Fitzgerald;Heaven, I'm in heaven And my heart beats so that I can hardly speak And I seem to find the happiness I seek When we're out together dancing cheek to cheek Heaven, I'm in heaven And the cares that hung around me through the week Seem to vanish like a gambler's lucky streak When we're out together dancing cheek to cheek Oh I love to climb a mountain And reach the highest peak But it doesn't thrill me half as much As dancing cheek to cheek Oh I love to go out fishing In a river or a creek But I don't enjoy it half as much As dancing cheek to cheek Now Mamma Dance with me I want my arm(s) about you That charm(s) about you Will carry me through... Heaven, I'm in heaven And my heart beats so that I can hardly speak And I seem to find the happiness I seek When we're out together dancing cheek to cheek Heaven, I'm in heaven And my heart beats so that I can hardly speak And I seem to find the happiness I seek When we're out together dancing cheek to cheek Heaven, I'm in heaven And the cares that hung around me through the week Seem to vanish like a gambler's lucky streak When we're out together dancing cheek to cheek Oh I love to climb a mountain And reach the highest peak But it doesn't thrill me half as much As dancing cheek to cheek Oh I love to go out fishing In a river or a creek But I don't enjoy it half as much As dancing cheek to cheek Come on and dance with me I want my arm(s) about you That charm(s) about you Will carry me through... Heaven, I'm in heaven And my heart beats so that I can hardly speak And I seem to find the happiness I seek When we're out together dancing cheek to cheek Dance with me I want my arm(s) about you That charm(s) about you Will carry me through... Heaven, I'm in heaven And my heart beats so that I can hardly speak And I seem to find the happiness I seek When we're out together dancing cheek to cheek Cheek to cheek Cheek to cheek Cheek to cheek8EmbedShare URLCopyEmbedCopy
53;Reet Petite;Jackie Wilson;Well, look-a there, look-a there Look-a there, look-a there, ooh wee Look-a there, look-a there Look-a there, ooh wee Ooh! Ah! Ooh! Ah! Ooh wee Well, she's so fine, fine, fine She's so fine, f-f-fine She's so fine She's so fine, fine, fine She's really sweet The finest girl you ever wanna meet Oh, oh, oh, oh Oh, oh, oh, oh Reet petite The finest girl you ever wanna meet Well, have you ever seen a girl for whom your soul you'd give For whom you'd fight for, die for, pray to God to live 'Cause she's so fine She's so fine She's really sweet The finest girl you ever wanna meet Well, she really fills her clothes from head to toe I want the world to know I love her, love her so She's all right She's all right She's all right She loves me day and night Oh, oh, oh, oh Oh, oh, oh, oh Reet petite The finest girl you ever wanna meet, oh Well, she's like honey from a bee, like peaches from a tree I love her, need her, she means so much to me She's all right She's got what it takes She's got what it takes And with me she really rates Well, now she's my cutie, my tutti frutti My heart, my love, my bathing beauty She's all right She's got what it takes She's got what it takes And with me she really rates Oh, oh, oh, oh Oh, oh, oh, oh Reet petite The finest girl you ever wanna meet Reet petite The finest girl you ever wanna meet Reet petite The finest girl you ever wanna meetEmbedShare URLCopyEmbedCopy
54;C’Mon Everybody;Eddie Cochran;Ah well, c'mon everybody and let's get together tonight I got some money in my jeans and I'm really gonna spend it right Well, I've been doin' my homework all week long And now the house is empty and the folks are gone Hooo! C'mon, everybody! Ah well, my baby's number one, but I'm gonna dance with three or four And the house'll be a-shakin' from the bare feet a-slappin' on the floor Well, when you hear that music you can't sit still If your brother won't rock then your sister will Hooo! C'mon, everybody! Well, we'll really have a party, but we gotta put a guard outside If my folks come a-home, I'm afraid they're gonna have my hide There'll be no more movies for a week or two No more runnin' round with the usual crew Who cares? C'mon, everybody! C'mon, everybody C'mon, everybodyEmbedShare URLCopyEmbedCopy
55;Sweet Little Sixteen;Chuck Berry;"They're really rockin' in Boston In Pittsburgh, PA Deep in the heart of Texas And 'round the 'Frisco Bay All over St. Louis And down in New Orleans All the cats wanna dance with Sweet Little Sixteen  Sweet Little Sixteen She's just got to have About a half a million Famed autographs Her wallet filled with pictures She gets them one by one Becomes so excited Watch her, look at her run  ""Oh Mommy, Mommy Please may I go? It's such a sight to see Somebody steal the show Oh Daddy, Daddy I beg of you Whisper to Mommy It's alright with you"" 'Cause they'll be rockin' on Bandstand In Philadelphia, PA Deep in the heart of Texas And round the 'Frisco Bay All over St. Louis Way down in New Orleans All the cats wanna dance with Sweet Little Sixteen   'Cause they'll be rockin' on Bandstand In Philadelphia, PA Deep in the heart of Texas And 'round the 'Frisco Bay All over St. Louis Way down in New Orleans All the cats wanna dance with, ooh Sweet Little Sixteen  Sweet Little Sixteen She's got the grown-up blues Tight dresses and lipstick She's sportin' high heel shoes Oh, but tomorrow morning She'll have to change her trend And be sweet sixteen And back in class again Well, they'll be rockin' in Boston Pittsburgh, PA Deep in the heart of Texas And 'round the 'Frisco Bay Way out in St. Louis Way down in New Orleans All the cats wanna dance with Sweet Little Sixteen1EmbedShare URLCopyEmbedCopy"
56;You Make Me Feel So Young;Frank Sinatra;You make me feel so young You make me feel so spring has sprung And every time I see you grin I'm such a happy individual The moment that you speak I wanna go play hide-and-seek I wanna go and bounce the moon Just like a toy balloon You and I are just like a couple of tots Running across the meadow Picking up lots of forget-me-nots You make me feel so young You make me feel there are songs to be sung Bells to be rung And a wonderful fling to be flung And even when I'm old and gray I'm gonna feel the way I do today 'Cause you make me feel so young You make me feel so young You make me feel so spring has sprung And every time I see you grin I'm such a happy individual The moment that you speak I wanna go play hide-and-seek I wanna go and bounce the moon Just like a toy balloon You and I are just like a couple of tots Running across the meadow Picking up lots of forget-me-nots You make me feel so young You make me feel there are songs to be sung Bells to be rung Wonderful fling to be flung And even when I'm old and gray I'm gonna feel the way I do today 'Cause you, you make me feel so young You make me feel so young You make me feel so young Ooh, you make me feel so youngEmbedShare URLCopyEmbedCopy
57;Summertime;Louis Armstrong;Summertime and the livin' is easy Fish are jumpin' and the cotton is high Yo' daddy's rich and yo' mama's good lookin' So hush little baby, don't you cry One of these mornin's you gonna rise up singin' You gonna spread your little wings and you'll take to the sky But 'till that mornin' there ain't nothin' gonna harm you With yo mama and daddy standin' by Now it's summertime and the livin' is easy Them fish are jumpin' and the cotton's 'bout waist high Yo' daddy's rich and, ya know yo' mama's good lookin' Now hush little baby, don't you cry Summertime Ah, said it's summertime1EmbedShare URLCopyEmbedCopy
58;Be;Gene Vincent;Well be-bop-a-lula, she's my baby Be-bop-a-lula, I don't mean maybe Be-bop-a-lula, she's my baby Be-bop-a-lula, I don't mean maybe Be-bop-a-lula, she's my baby doll My baby doll, my baby doll  Well she's the girl in the red blue jeans She's the queen of all the teens She's the woman that I know She's the woman that loves me so  Say, be-bop-a-lula, she's my baby Be-bop-a-lula, I don't mean maybe Be-bop-a-lula, she's my baby doll My baby doll, my baby doll Let's rock!   Well she's the woman that's got that beat She's the woman with the flying feet She's the one that walks around the store She's the one that gives more, more, more, more Be-bop-a-lula, she's my baby Be-bop-a-lula, I don't mean maybe Be-bop-a-lula, she's my baby doll My baby doll, my baby doll Let's rock again now!   Well, be-bop-a-lula, she's my baby Be-bop-a-lula, I don't mean maybe Well, be-bop-a-lula, she's my baby Be-bop-a-lula, I don't mean maybe Be-bop-a-lula, she's my baby doll My baby doll, my baby dollEmbedShare URLCopyEmbedCopy
59;Hound Dog;Elvis Presley;You ain't nothin' but a hound dog Cryin' all the time You ain't nothin' but a hound dog Cryin' all the time Well, you ain't never caught a rabbit And you ain't no friend of mine  When they said you was high classed Well, that was just a lie Yeah, they said you was high classed Well, that was just a lie Yeah, you ain't never caught a rabbit And you ain't no friend of mine  You ain't nothin' but a hound dog Cryin' all the time You ain't nothin' but a hound dog Cryin' all the time Well, you ain't never caught a rabbit And you ain't no friend of mine  Ahh, ahh Ahh, ahh When they said you was high classed Well, that was just a lie Yeah, they said you was high classed Well, that was just a lie Well, you ain't never caught a rabbit And you ain't no friend of mine  Ahh, ahh Ahh, ahh  When they said you was high classed Well, that was just a lie You know, they said you was high classed Well, that was just a lie Yeah, you ain't never caught a rabbit And you ain't no friend of mine  You ain't nothin' but a hound dog Cryin' all the time You ain't nothin' but a hound dog Cryin' all the time Well, you ain't never caught a rabbit You ain't no friend of mine17EmbedShare URLCopyEmbedCopy
60;Hallelujah, I Love Her So;Ray Charles;"Let me tell you about a girl I know She is my baby and she live next door Every morning 'fore the sun comes up She bring my coffee in my favorite cup That's why I know, yes, I know Hallelujah, I just love her so When I'm in trouble and I have no friends I know she'll go with me until the end Everybody asks me how I know I smile at them and say she told me so That's why I know, oh, I know Hallelujah, I just love her so Now if I call her on the telephone And tell her that I'm all alone By the time I count from one to four I hear her on my door In the evening when the sun goes down When there is nobody else around She kisses me and she hold me tight And tell me ""Daddy, everything's all right"" That's why I know, yes, I know Hallelujah, I just love her so Now if I call her on the telephone And tell her that I'm all alone By the time I count from one to four I hear her on my door In the evening when the sun goes down When there is nobody else around She kisses me and she hold me tight And tell me ""Daddy, everything's all right"" That's why I know, yes, I know Hallelujah, I just love her so Oh, hallelujah Don't you know I just love her so She's my little woman waiting across town Baby, I'm a little fool for you girl3EmbedShare URLCopyEmbedCopy"
61;You Send Me;Sam Cooke;Darling, you send me I know you send me Darling, you send me Honest you do, honest you do Honest you do, whoa-oh  You thrill me I know you, you, you thrill me Darling you, you, you, you thrill me Honest you do  At first I thought it was infatuation But woo, it's lasted so long Now I find myself wanting To marry you and take you home, whoa-oh  You, you, you, you send me I know you send me I know you send me Honest you do  (You send me) Whoa, whenever I'm with you (You send me) I know, I know, I know when I'm near you (You send me) Mhm, mhm, honest you do, honest you do Whoa, I know (You send me) I know, I know, I know, when you hold me (You send me) Whoa-oh, whenever you kiss me (You send me) Mhm, mhm, honest you do At first I thought it was infatuation But woo, it's lasted so long Now I find myself wanting To marry you and take you home  I know, I know, I know, you send me I know you send me Whoa-oh, you, you, you, you send me Honest you do (Do, do, do, do)EmbedShare URLCopyEmbedCopy
62;Autumn in New York;Billie Holiday;"Autumn in New York, why does it seem so inviting? Autumn in New York, it spells the thrill of first-nighting Glittering crowds and shimmering clouds in canyons of steel; They're making me feel: I'm home It's autumn in New York that brings the promise of new love Autumn in New York is often mingled with pain Dreamers with empty hands may sigh for exotic lands; It's autumn in New York; It's good to live it again Autumn in New York, the gleaming rooftops at sundown Autumn in New York, it lifts you up when you're let down Jaded roués and gay divorcee who lunch at the Ritz Will tell you that it's devine It's autumn in New York transforms the slums into Mayfair Autumn in New York, you'll need no castle in Spain Lovers that bless the dark On benches in Central Park Greet autumn in New York It's good to live it again1EmbedShare URLCopyEmbedCopy"
63;Chantilly Lace;The Big Bopper;Hello, baby Yeah, this is the Big Bopper speakin' Ha ha ha ha ha, oh you sweet thing Do I what? Will I what? Oh baby, you know what I like Chantilly lace and a pretty face And a pony tail a-hangin' down That wiggle in the walk And giggle in the talk Makes the world go 'round There ain't nothin' in the world Like a big-eyed girl That makes me act so funny Make me spend my money Make me feel real loose, like a long necked goose Like a girl, oh baby, that's what I like What's that baby? But...but...but... Oh honey But? Oh baby, you know what I like Chantilly lace and a pretty face And a pony tail a-hangin' down That wiggle in the walk And giggle in the talk Makes the world go 'round, round, round There ain't nothin' in the world Like a big-eyed girl That makes me act so funny Make me spend my money Make me feel real loose, like a long necked goose Like a girl, oh baby, that's what I like What's that, honey? Pick you up at eight, and don't be late? But, baby, I ain't got no money, honey Ha ha ha ha Oh, all right, honey, you know what I like Chantilly lace and a pretty face And a pony tail a-hangin' down That wiggle in the walk And giggle in the talk Makes the world go 'round There ain't nothin' in the world Like a big-eyed girl That makes me act so funny Make me spend my money Make me feel real loose, like a long necked goose Like a girl, oh baby, that's what I likeEmbedShare URLCopyEmbedCopy
64;Lucille;Little Richard;Lucille, you won't do your sister's will? Oh, Lucille, you won't do your sister's will? You ran off and married, but I love you still  Lucille, please, come back where you belong Lucille, please, come back where you belong I've been good to you, baby, please, don't leave me alone  I woke up this morning, Lucille was not in sight I asked my friends about her but all their lips were tight  Lucille, please, come back where you belong I've been good to you, baby, please, don't leave me alone, whoah   I woke up this morning, Lucille was not in sight I asked my friends about her but all their lips were tight  Lucille, please, come back where you belong I've been good to you, baby, please, don't leave me alone Lucille, baby, satisfy my heart Lucille, baby, satisfy my heart I played for it, baby, and gave you such a wonderful startEmbedShare URLCopyEmbedCopy
65;Heartbreak Hotel;Elvis Presley;Well, since my baby left me Well, I found a new place to dwell Well, it's down at the end of Lonely Street At Heartbreak Hotel  Where I'll be, I'll be so lonely, baby Well, I'm so lonely I'll be so lonely, I could die  Although it's always crowded You still can find some room For broken-hearted lovers To cry there in their gloom  They'll be, they'll be so lonely, baby They'll be so lonely They're so lonely, they could die  Now, the bellhop's tears keep flowin' And the desk clerk's dressed in black Well, they've been so long on Lonely Street They'll never, never look back And they get so, they get so lonely, baby Well, they are so lonely They're so lonely, they could die  Well, now, if your baby leaves you And you got a tale to tell Well, just take a walk down Lonely Street To Heartbreak Hotel  Where you will be, you will be, you'll be so lonely, baby Well, you will be lonely You'll be so lonely, you could die  Although it's always crowded You still can find some room For broken-hearted lovers To cry there in their gloom  Where they get so, they get so lonely, baby Well, they're so lonely They'll be so lonely, they could die13EmbedShare URLCopyEmbedCopy
66;Come Softly To Me;The Fleetwoods;Doo dooby doo Dum dum, dum doo dum, dooby doo Dum dum, dum doo dum, dooby doo Dum dum, dum doo dum, dooby doo Dum dum, dum doo dum, dooby doo (Come softly, darling) Dum dum, dum doo dum, dooby doo (Come softly, darling) Dum dum, dum doo dum, dooby doo (Come softly, darling) Dum dum, dum doo dum, dooby doo (Come softly, darling) Dum dum, dum doo dum, dooby doo (Come softly, darling) Dum dum, dum doo dum, dooby doo (Come to me, stay) Dum dum, dum doo dum, dooby doo (You're my obsession) Dum dum, dum doo dum, dooby doo (Forever and a day) Dum dum, dum doo dum, dooby doo I want, want you to know, dooby do I love, I love you so, doby do Please hold, hold me so tight, dooby do All through, all through the night, dooby do (I speak softly, darling) Dum dum, dum doo dum, dooby doo (Hear what I say) Dum dum, dum doo dum, dooby doo (I love you always) Dum dum, dum doo dum, dooby doo (Always, always) Dum dum, dum doo dum, dooby doo I've waited, waited so long, dooby do For your kisses and your love, dooby do Please come, come to me, dooby do From up, from up above, dooby do (Come softly, darling) I want, want you to know, dooby do (Come softly, darling) I love, I love you so, dooby do (Come softly) I need, Ineed you so much, dooby do (Come softly) Want to feel your warm, warm touch, dooby do Dum dum, dum doo dum, dooby doo Dum dum, dum doo dum, dooby doo Dum dum, dum doo dum, dooby doo Dum dum, dum doo dum, dooby doo Dum dum, dum doo dum, dooby doo Dum dum, dum doo dum, dooby doo Dum dum, dum doo dum, dooby dooEmbedShare URLCopyEmbedCopy
67;Banana Boat;Harry Belafonte;Harry Belafonte Miscellaneous Banana boat Day-o, day-ay-ay-o Daylight come and me wan' go home Day-o, day-ay-ay-o Daylight come and me wan' go home Work all night on a drink of rum Daylight come and me wan' go home Stack banana till de morning come Daylight come and me wan' go home Day-o, day-ay-ay-o Daylight come and me wan' go home Day-o, day-ay-ay-o Daylight come and me wan' go home Come, Mister tally man, tally me banana Daylight come and me wan' go home Come, Mister tally man, tally me banana Daylight come and me wan' go home Day-o, day-ay-ay-o Daylight come and me wan' go home Day-o, day-ay-ay-o Daylight come and me wan' go home Lift six foot, seven foot, eight foot bunch Daylight come and me wan' go home Lift six foot, seven foot, eight foot bunch Daylight come and me wan' go home Beautiful bunch of ripe banana Daylight come and me wan' go home Hide the deadly black tarantula Daylight come and me wan' go home Lift six foot, seven foot, eight foot bunch Daylight come and me wan' go home Six foot, seven foot, eight foot bunch Daylight come and me wan' go home Day, me say day-ay-ay-o Daylight come and me wan' go home Day, me say day, me say day, me say dayEmbedShare URLCopyEmbedCopy
68;Blue Moon;Billie Holiday;Blue moon You saw me standing alone Without a dream in my heart Without a love of my own Blue moon You knew just what I was there for You heard me saying a prayer for Someone I really could care for And then there suddenly appeared before me The only one my arms will ever hold I heard somebody whisper Please adore me And when I looked The moon had turned to gold Blue moon Now I'm no longer alone Without a dream in my heart Without a love of my own Blue moon You saw me standing alone Without a dream in my heart Without a love of my own Blue moon You knew just what I was there for You heard me saying a prayer for Someone I really could care for And then they suddenly appeared before me The only one my arms will ever hold I heard somebody whisper Please adore me And when I looked The moon had turned to gold Blue moon Now I'm no longer alone Without a dream in my heart Without a love of my own Blue moon4EmbedShare URLCopyEmbedCopy
69;It's Only Make Believe;Conway Twitty;People see us everywhere They think you really care But myself, I can't deceive I know it's only make believe My one and only prayer Is that someday you'll care My hopes, my dreams come true My one and only you No one will ever know How much I love you so My only prayer will be Someday you'll care for me But it's only make believe My hopes, my dreams come true My life I'd give for you My heart, a wedding ring My all, my everything My heart I can't control You rule my very soul My only prayer will be Someday you'll care for me But it's only make believe My one and only prayer Is that some day you'll care My hopes, my dreams come true My one and only you No one will ever know How much I love you so My prayers, my hopes, my schemes You are my every dream But it's only make believe (make believe)2EmbedShare URLCopyEmbedCopy
70;Oh Boy!;Buddy Holly;All of my love All of my kissing You don't know what you've been a-missing Oh boy (Oh boy), when you're with me Oh boy (Oh boy), the world can see That you, were meant, for me  All of my life I've been a-waiting Tonight there'll be no, hesitating Oh boy (oh boy), when you're with me Oh boy (oh boy), the world can see That you, were meant, for me Stars appear and shadows are falling You can hear my heart a-calling A little bit a-loving makes everything right I'm gonna see my baby tonight  All of my love All of my kissing You don't know what you've been a-missing Oh boy (Oh boy), when you're with me Oh boy (Oh boy), the world can see That you, were meant, for me Dum-dee-dum-dum Oh boy Dum-dee-dum-dum Oh boy Ooh-ooh-ooh-oooooh  All of my love All of my kissing You don't know what you've been a-missing Oh boy (Oh boy), when you're with me Oh boy (Oh boy), the world can see That you, were meant, for me  All of my life I've been a-waiting Tonight there'll be no, hesitating Oh boy (Oh boy), when you're with me Oh boy (Oh boy), the world can see That you, were meant, for me Stars appear and shadows are falling You can hear my heart a-calling A little bit a-loving makes everything right I'm going to see my baby tonight All of my love All of my kissing You don't know what you've been a-missing Oh boy (Oh boy), when you're with me Oh boy (Oh boy), the world can see That you, were meant, for me3EmbedShare URLCopyEmbedCopy
71;Blue Suede Shoes;Carl Perkins;Well, it's one for the money Two for the show Three to get ready Now go, cat, go But don't you step on my blue suede shoes You can do anything but lay off of my blue suede shoes  Well, you can knock me down Step in my face Slander my name All over the place Do anything that you want to do, but uh-uh Honey, lay off of my shoes Don't you step on my blue suede shoes You can do anything but lay off of my blue suede shoes   You can burn my house Steal my car Drink my liquor From an old fruit jar Do anything that you want to do But uh-uh honey, lay off of my shoes Don't you step on my blue suede shoes You can do anything but lay off of my blue suede shoes Rock  Well, it's one for the money Two for the show Three to get ready Now go, cat, go But don't you step on my blue suede shoes You can do anything but lay off of my blue suede shoes  Well it's Blue, blue, blue suede shoes Blue, blue, blue suede shoes, yeah Blue, blue, blue suede shoes baby Blue, blue, blue suede shoes You can do anything but lay off of my blue suede shoes3EmbedShare URLCopyEmbedCopy
72;Ready Teddy;Little Richard;Ready, set, go man go I got a girl that I love so  I'm ready Ready, ready Teddy, I'm ready Ready, ready Teddy, I'm ready Ready, ready Teddy I'm ready, ready, ready to rock and roll  Goin' to the corner, pick up my sweetie pie She's my rock and roll, baby, she's the apple of my eye  I'm ready Ready, ready Teddy, I'm ready Ready, ready Teddy, I'm ready Ready, ready Teddy I'm ready, ready, ready to rock and roll  All the flat top cats and all the dungaree dolls Are headed for the gym to the sock hop ball The joint's really jumping, the cats are going wild The music really sends me, I dig that crazy style I'm ready Ready, ready Teddy, I'm ready Ready, ready Teddy, I'm ready, whoo Ready, ready Teddy I'm ready, ready, ready to rock and roll, ow   Goin' to the corner, pick up my sweetie pie She's my rock and roll, baby, she's the apple of my eye  I'm ready Ready, ready Teddy, I'm ready Ready, ready Teddy, I'm ready Ready, ready Teddy I'm ready, ready, ready to rock and roll  All the flat top cats and all the dungaree dolls Are headed for the gym to the sock hop ball The joint's really jumping, the cats are going wild The music really sends me, I dig that crazy style I'm ready Ready, ready Teddy, I'm ready Ready, ready Teddy, I'm ready Ready, ready Teddy I'm ready, ready, ready to rock and roll  Gonna kick off my shoes, roll up my faded jeans Grab my rock and roll, baby, pour on the steam I shuffle to the left, I shuffle to the right Gonna rock and roll to the early, early night  I'm ready Ready, ready Teddy, I'm ready Ready, ready Teddy, I'm ready Ready, ready Teddy I'm ready, ready, ready to rock and roll1EmbedShare URLCopyEmbedCopy
73;Jambalaya;Hank Williams;Goodbye Joe me gotta go me oh my oh Me gotta go pole the pirogue down the bayou My Yvonne the sweetest one me oh my oh Son of me gun we'll have big fun on the bayou Jambalaya and a crawfish pie on a filé gumbo 'Cause tonight I'm gonna see my ma cher amio Pick guitar, filled fruit jar and be gay-o Son of me gun we'll have big fun on the bayou  Thibodaux Fontaineaux the place is buzzin' Kinfolk come to see Yvonne by the dozen Dressed in style, go hog wild, oh me oh my oh Son of me gun we'll have big fun on the bayou Settle down far from town get me a pirogue And I'll catch all the fish in the bayou  Jambalaya and a crawfish pie on a filé gumbo 'Cause tonight I'm gonna see my ma cher amio Pick guitar, filled fruit jar and be gay-o Son of me gun we'll have big fun on the bayou Jambalaya and a crawfish pie on a filé gumbo 'Cause tonight I'm gonna see my ma cher amio Pick guitar, filled fruit jar and be gay-o Son of me gun we'll have big fun on the bayou Son of me gun we'll have big fun on the bayou Later on, swap my mon, get me a pirogue And I'll catch all the fish on the bayou Swap my mon, to buy Yvonne what she need-oh Son of a gun we'll have big fun on the bayou Jambalaya and a crawfish pie...2EmbedShare URLCopyEmbedCopy
74;You Belong To Me;Jo Stafford;See the pyramids along the Nile Watch the sun rise on a tropic isle Just remember, darling, all the while You belong to me See the marketplace in old Algiers Send me photographs and souvenirs Just remember when a dream appears You belong to me I'll be so alone without you Maybe you'll be lonesome too, and blue Fly the ocean in a silver plane See the jungle when it's wet with rain Just remember till you're home again You belong to me I'll be so alone without you Maybe you'll be lonesome too, and blue Fly the ocean in a silver plane Watch the jungle when it's wet with rain But remember darling, till you're home again You belong to meEmbedShare URLCopyEmbedCopy
75;Red River Rock;Johnny & The Hurricanes;"Unknown Miscellaneous Paddy And The Whale PADDY AND THE WHALE Paddy O'Brian left Ireland in glee; He had a strong notion old England to see; He shipped in the Nellie, for England was bound And the whiskey he drank made his head go around Cho: Laddy whack, fol de dol, fol de rol I dee dee * O, Paddy been never sailing before; It made his heart ache when he heard the loud roar; For the glance of his eye, a whale he did spy: ""I'm going to be ate,"" says Paddy,""by-and-by"" O, Paddy run forward and caught hold of the mast He grasped his arms round and there he held fast The boat gave a tip, and, losing his grip Down in the whale's belly poor Paddy did slip He was down in the whale six months and five days Till luck one day to his throat he did pop The whale give a snort and then give a blow And out on the land poor Paddy did go O, Paddy is landed and safe on the shore; He swears that he 'll never go to sea any more The next time he wishes old England to see It will be when the railroad runs over the sea Note: Alternate chorus I've heard is: Caterwaulin', Tarpaulin', Harpoonin' and all Tune is another Derry Down variant RG From Ballads and Sea Songs of Newfoundland, Greenleaf Collected from John Edison, Fleur de Lys, 1929 @sailor @fish Filename[ PADWHAL Play.exe DERRDWN2 RG ===DOCUMENT BOUNDARY===EmbedShare URLCopyEmbedCopy"
76;At The Hop;Danny & The Juniors;Bah-bah-bah-bah Bah-bah-bah-bah Bah-bah-bah-bah Bah-bah-bah-bah, at the hop Well, you can rock it you can roll it Do the stomp and even stroll it at the hop When the record starts spinnin' You chalypso when you chicken at the hop Do the dance sensations that are sweepin' the nation at the hop Let's go to the hop Let's go to the hop (oh baby) Let's go to the hop (oh baby) Let's go to the hop Come on, let's go to the hop Well, you can swing it you can groove it You can really start to move it at the hop Where the jockey is the smoothest And the music is the coolest at the hop All the cats and the chicks can get their kicks at the hop Let's go! Let's go to the hop Let's go to the hop (oh baby) Let's go to the hop (oh baby) Let's go to the hop Come on, let's go to the hop Let's go! Well, you can rock it you can roll it Do the stomp and even stroll it at the hop When the record starts spinnin' You chalypso when you chicken at the hop Do the dance sensations that are sweepin' the nation at the hop You can swing it you can groove it You can really start to move it at the hop Where the jockey is the smoothest And the music is the coolest at the hop All the cats and the chicks can get their kicks at the hop Let's go! Let's go to the hop Let's go to the hop (oh baby) Let's go to the hop (oh baby) Let's go to the hop Come on, let's go to the hop Bah-bah-bah-bah Bah-bah-bah-bah Bah-bah-bah-bah Bah-bah-bah-bah, at the hop!1EmbedShare URLCopyEmbedCopy
77;What Do You Want to Make Those Eyes at Me For ?;Emile Ford;What do you wanna make those eyes at me for If they don't mean what they say? They make me glad, they make me sad They make me wanna a lot of things that I never had You're fooling around with me now Well you lead me on and then you run away Well that's all right I'll get you alone tonight And baby you'll find your messing with dynamite So what do you wanna make those eyes at me for If they don't mean what they say? What do you wanna make those eyes at me for If they don't mean what they say? They make me glad, they make me sad They make me wanna a lot of things that I never had You're fooling around with me now Well you lead me on and then you run away Well that's all right I'll get you alone tonight And baby you'll find your messing with dynamite So what do you wanna make those eyes at me for If they don't mean what they say? If they don't mean what they say? YeahEmbedShare URLCopyEmbedCopy
78;Jailhouse Rock;Elvis Presley;"The warden threw a party in the county jail The prison band was there and they began to wail The band was jumping and the joint began to swing You shoulda heard those knocked out jailbirds sing  Let's rock, everybody, let's rock Everybody in the whole cell block Was dancing to the Jailhouse Rock  Spider Murphy played the tenor saxophone Little Joey blowing on the slide trombone The drummer boy from Illinois went crash, boom, bang The whole rhythm section was the Purple Gang  Let's rock, everybody, let's rock Everybody in the whole cell block Was dancing to the Jailhouse Rock  Number forty-seven said to number three ""You the cutest jailbird I ever did see I sure would be delighted with your company Come on and do the Jailhouse Rock with me"" Let's rock, everybody, let's rock Everybody in the whole cell block Was dancing to the Jailhouse Rock Rock, rock, rock {Guitar Solo}  Sad sack was sitting on a block of stone Way over in the corner weeping all alone The warden said, ""Hey, buddy, don't you be no square You can't find a partner, use a wooden chair""  Let's rock, everybody, let's rock Everybody in the whole cell block Was dancing to the Jailhouse Rock  Shifty Henry said to Bugs, ""For Heaven's sake No one's looking, now's our chance to make a break"" Bugsy turned to Shifty and he said, ""Nix nix I wanna stick around a while and get my kicks.""  Let's rock, everybody, let's rock Everybody in the whole cell block Was dancing to the Jailhouse Rock Dancing to the Jailhouse Rock Dancing to the Jailhouse Rock Dancing to the Jailhouse Rock Dancing to the Jailhouse Rock23EmbedShare URLCopyEmbedCopy"
79;Stupid Cupid;Connie Francis;Stupid cupid You're a real mean guy I'd like to clip your wings So you can't fly I'm in love And it's a crying shame And I know that you're the one to blame Hey, hey Set me free Stupid cupid Stop picking on me I can't do my homework And I can't think straight I meet him every morning 'Bout a half past eight I'm acting like a lovesick fool You've even got me carrying his books to school Hey, hey Set me free Stupid cupid Stop picking on me You mixed me up But good Right from the very start Hey, go play Robin Hood with somebody else's heart You've got me jumping Like a crazy clown And I don't feature what you're putting down Since I kissed his loving lips of wine The thing that bothers me is that I like it fine Hey, hey Set me free Stupid cupid Stop picking on me You've got me jumping like a crazy clown And I don't feature what you're putting down Since I kissed his loving lips of wine The thing that bothers me is that I like it fine Hey, hey Set me free Stupid cupid Stop picking on me Hey, hey Set me free Stupid cupid Stop picking on me (Stupid cupid) (Stupid cupid) (Stupid cupid)EmbedShare URLCopyEmbedCopy
80;Walkin' After Midnight;Patsy Cline;I go out walking after midnight Out in the moonlight just like we used to do I'm always walking after midnight, searching for you I walk for miles along the highway Well, that's just my way of saying, I love you I'm always walking after midnight, searching for you  I stopped to see a weeping willow Crying on his pillow Maybe he's crying for me And as the skies turn gloomy Night winds whisper to me I'm lonesome as I can be  I go out walking after midnight Out in the starlight Just hoping you may be somewhere walking After midnight searching for me  I stopped to see a weeping willow Crying on his pillow Maybe he's crying for me And as the skies turn gloomy Night winds whisper to me I'm lonesome as I can be I'm out walking after midnight, out in the starlight Just hoping maybe you're somewhere Walking after midnight, searching for me2EmbedShare URLCopyEmbedCopy
81;Diana;Paul Anka;I'm so young and you're so old This, my darling, I've been told I don't care just what they say 'Cause forever I will pray You and I will be as free As the birds up in the trees  Oh, please stay by me, Diana  Thrills I get when you hold me close Oh, my darling, you're the most I love you but do you love me? Oh, Diana, can't you see? I love you with all my heart And I hope we will never part  Oh, please stay with me, Diana  Oh, my darlin', oh, my lover Tell me that there is no other I love you with my heart Oh-oh, oh-oh, oh-oh-oh-oh-oh-oh-oh Only you can-a take my heart Only you can-a tear it apart When you hold me in your loving arms I can feel you givin' all your charms Hold me, darling, hold me tight Squeeze me baby with all your might  Oh, please stay with me, Diana  Oh, please, Diana Oh, please, Diana Oh, please, Diana3EmbedShare URLCopyEmbedCopy
82;Money;Barrett Strong;The best things in life are free But you can give them to the birds and bees  I need money That's what I want That's what I want That's what I want  Your love give me such a thrill But your love don't pay my bills  I need money That's what I want That's what I want That's what I want  Money don't get everything it's true What it don't get I can't use  I need money That's what I want That's what I want That's what I want Money Lots of money Whole lot of money Uh huh All I want Woah Yeah Give me Money Oh, lots of money All those lean greens, Yeah I got that, uh, that's what I mean All that I want Woah Yeah1EmbedShare URLCopyEmbedCopy
83;They Can't Take That Away From Me;Ella Fitzgerald;The way you wear your hat The way you sip your tea The memory of all that No they can't take that away from me The way your smile just beams The way you sing off key The way you haunt my dreams No, no they can't take that away from me We may never never meet again, on that bumpy road to love Still I'll always, always keep the memory of The way you hold your knife The way we danced till three The way you changed my life No, no they can't take that away from me No, they can't take that away from me The way you wear your hat The way you sip your tea The memory of all that No they can't take that away from me The way your smile just beams The way you sing off key The way you haunt my dreams No, no they can't take that away from me We may never never meet again, on that bumpy road to love Still I'll always, always keep the memory of The way you hold your knife The way we danced till three The way you changed my life No, no they can't take that away from me No, they can't take that away from me  We may never never meet again, on that bumpy road to love Still I'll always, always keep the memory of The way you hold your knife The way we danced till three The way you changed my life No, no they can't take that away from me No, they can't take that away from me No, they can't take that away from me3EmbedShare URLCopyEmbedCopy
